RespondentID,Role,ExperienceYears,Organisation,LoanDecisionsPerMonth,AIUseFrequency,ReviewMode,PU1,PU2,PU3,EU1,EU2,TR1,TR2,TR3,EX1,EX2,FR1,FR2,IN1,IN2,OS1,OS2,BI1,BI2,C1_Scenario,Q1,Q2,Q3,Q4,Q5,Q6,Q7,Q8,Q9,Q10,Q11
R01,Credit / Loan Officer,4,NBFC,51–200,Daily,Watched a demo,4,5,4,5,5,3,3,3,4,4,4,4,2,2,3,4,3,4,"Verify more first (statements, bureau report, field visit)",It depends on how often the model is updated with our own repayment data.,I'd use the what-if feature to structure loans; not sure about the score.,Clean and quick to use.,No agri or seasonal cash-flow inputs. No option to record the final decision and outcome for learning.,Half-half. A few drivers look like quirks of old lending policy.,Other branch managers vouching for it after using it.,Ask for a margin deposit and then approve. Refer it to the sanctioning authority with both views noted.,"The model feels like a black box, and audit asks for reasons.",Not much for me; I care whether it has been right on our loans.,"Yes, which is why I'd use it to decide conditions, not to reject. A little. But ignoring a warning that turns out right is also a risk.",Resistance from senior staff used to manual appraisal.
R02,Credit / Risk Head,17,NBFC,200+,Monthly,Watched a demo,5,4,4,4,3,2,2,2,5,5,4,4,4,4,2,1,3,3,Follow my judgement: approve on normal terms,Somewhat useful. I liked the what-if part more than the score itself.,Only if it is validated on our own portfolio first.,The drivers list matches what we see in practice for savings and tenure.,Currency units are generic; should match our loan products.,Somewhat. The false alarms bother me — I would lose good customers.,An independent validation for bias against weaker sections.,Do a field visit and meet the family again.,"They remember cases where the scorecard rejected someone who repaid well. In cooperatives, members expect a human decision.","Yes, but keep it short — three reasons are enough. Yes, regulators increasingly expect explainable credit decisions.",It does; officers prefer to be wrong with their own judgement.,Low digital literacy in rural branches.
R03,Branch Manager,14,Public sector bank,200+,Monthly,Used it myself,4,3,3,3,3,4,4,4,4,4,4,4,4,4,3,3,4,4,"Approve with conditions (guarantor, collateral, shorter tenure)",Useful as a second opinion on borderline files.,Perhaps for portfolio monitoring rather than individual sanction.,The template download for batch scoring.,No option to record the final decision and outcome for learning. No agri or seasonal cash-flow inputs.,"I trust it for patterns across the portfolio, not for one borrower.",A clear note on what the model can't see.,"Probably approve, but with a shorter tenure.",Admitting a model knows better can feel like a threat to expertise.,"Yes, explanations matter more to me than the accuracy number. Somewhat. The reasons need to be correct, not just present.",A little. But ignoring a warning that turns out right is also a risk.,Customer privacy and data protection concerns. Incomplete or outdated customer data in core banking systems.
R04,Cooperative / Credit Society Manager,6,Cooperative bank / credit society,51–200,Monthly,Used it myself,3,3,3,5,3,3,4,3,4,4,2,3,3,3,2,3,4,4,Follow the tool: reject or refer the application,Helpful for branches without a dedicated credit analyst.,"Yes, at the pre-sanction stage, to decide which files need extra documents.","The suggested actions — guarantor, collateral, shorter tenure — are practical.","Needs a confidence range, not just one number.","Yes as a direction. The reasons make sense for most files I tested. Mostly, because the main drivers — savings, tenure, collateral — match my experience.",Regular updates with our latest repayment data. Integration with the bureau score and bank statement analysis.,Approve with conditions. The tool tells me where to be careful; I decide how.,"Past scorecards gave wrong signals, so people are sceptical. Sanction targets reward speed, and intuition is faster.",It matters because customers ask why they got stricter terms.,"Yes, vigilance and audit fear make officers very cautious.",Cost of new systems for small cooperatives.
R05,Cooperative / Credit Society Manager,9,Cooperative bank / credit society,11–50,Monthly,Watched a demo,4,4,3,4,3,2,2,3,5,4,3,5,3,5,2,2,4,4,"Verify more first (statements, bureau report, field visit)",It gives new loan officers a structured way to look at risk instead of guessing.,"I would, for personal loans and vehicle loans where volumes are high.","The what-if panel. Seeing risk fall with a shorter tenure is very convincing. The suggested actions — guarantor, collateral, shorter tenure — are practical.",No field for monthly income or bureau score — those are the first things we check.,"Mostly, because the main drivers — savings, tenure, collateral — match my experience.",Integration with the bureau score and bank statement analysis.,"I'd verify more — bank statements, bureau report, maybe a field visit — before deciding.",Habit. Most senior bankers learned credit appraisal by experience.,"Yes, regulators increasingly expect explainable credit decisions.","Yes, especially after NPA reviews where every sanction is questioned.",No clear accountability rule when AI is wrong.
R06,Entrepreneur (MFI / NBFC / business),5,Microfinance,200+,Daily,Used it myself,5,4,5,4,3,2,2,3,4,4,3,4,2,2,3,4,5,5,"Verify more first (statements, bureau report, field visit)",The batch ranking is useful for our monthly portfolio review.,"Yes. It would help me justify conditions to the customer with clear reasons. Yes, if it is linked to our loan origination system so no double entry.",The batch view with exposure in high-risk loans.,A mobile version for field officers would help.,"Fairly, since it was tested on past loans and the accuracy is shown openly.",Showing its past predictions next to what actually happened.,Use the what-if panel to find terms that bring the risk down.,Hierarchy — seniors' judgement carries more weight than a score.,"Somewhat. The reasons need to be correct, not just present.","Yes. In banks, one bad loan is remembered more than a hundred good ones.",Incomplete or outdated customer data in core banking systems.
R07,Branch Manager,9,Cooperative bank / credit society,51–200,Rarely,Used it myself,3,4,3,3,3,2,2,2,4,4,5,5,2,4,2,3,4,3,"Approve with conditions (guarantor, collateral, shorter tenure)",Useful for credit heads reviewing portfolios; branch officers may find it extra work.,"Maybe, as a second opinion, but not as the basis for rejecting anyone.",The gauge with the average line gives context.,Too many false alarms — nearly half of flagged loans were actually repaid.,Depends on data quality. Self-declared information can be wrong.,Approval from the credit policy committee and audit.,Discuss with the credit head before sanction.,Relationship lending depends on trust built over years.,"Yes. A black-box rejection would also be unfair to the customer. Yes, a lot. I have to write a credit note explaining every sanction.",No. A structured tool reduces my personal risk.,Tools built by IT without asking credit officers.
R08,Credit / Loan Officer,2,Public sector bank,11–50,Rarely,Watched a demo,4,4,4,5,5,3,2,3,5,5,3,3,3,3,3,4,4,4,"Verify more first (statements, bureau report, field visit)",Useful as a first filter before the file goes to the sanctioning authority.,"Yes, if it is linked to our loan origination system so no double entry.",Simple screens; no jargon. The batch view with exposure in high-risk loans.,Should allow uploading bank statements directly. A mobile version for field officers would help.,Yes for ranking applicants; less for the exact percentage.,Back-testing on our own portfolio for at least one year.,Check which driver is raising the score and verify that specific point.,"Local knowledge — family, reputation, crop situation — isn't in the data. The model feels like a black box, and audit asks for reasons.","Yes — if I can see why, I can verify that point myself.",Somewhat. A clear policy on how to use the tool would reduce the fear.,Workload — officers are already handling targets and recovery. Senior management and audit are not comfortable with AI decisions.
R09,Credit / Loan Officer,5,NBFC,51–200,Weekly,Used it myself,4,3,4,3,5,3,1,2,5,5,4,4,4,3,3,4,3,3,"Approve with conditions (guarantor, collateral, shorter tenure)","Moderately useful. It helps, but the bureau score already tells us a lot.","If head office mandates it, yes. Otherwise officers won't adopt it. Possibly, if the credit policy allows it and audit accepts it.",It is honest about its error rate. The drivers list matches what we see in practice for savings and tenure.,"Some drivers look odd, like loans at other lenders lowering risk.",Partly. I trust the ranking more than the percentage. Depends on data quality. Self-declared information can be wrong.,A pilot in one region with results shared openly. Being able to override it with a recorded reason.,Refer it to the sanctioning authority with both views noted.,"Officers are accountable for the loan, so they feel safer relying on their own assessment.","Definitely. Without reasons, audit and the committee won't accept it. Yes — if I can see why, I can verify that point myself.",Not much — using a documented tool actually protects me in an audit.,Unclear regulatory guidance on AI in lending.
R10,Cooperative / Credit Society Manager,18,Cooperative bank / credit society,11–50,Weekly,Used it myself,3,3,4,4,4,4,3,4,4,3,3,2,5,4,3,2,4,3,"Approve with conditions (guarantor, collateral, shorter tenure)","Useful for retail loans, less so for agri or MSME loans where cash flows are seasonal.","Possibly, if the credit policy allows it and audit accepts it. Perhaps for portfolio monitoring rather than individual sanction.",Good that sex and nationality are excluded.,"The amount check didn't seem to predict default, so I'm not sure what to do with it.",Depends on data quality. Self-declared information can be wrong. Partly. I trust the ranking more than the percentage.,Being able to override it with a recorded reason.,Go with my judgement but add a guarantor to be safe.,"In cooperatives, members expect a human decision.","Yes, a lot. I have to write a credit note explaining every sanction.","Yes. If a loan goes bad, the officer faces staff accountability, not the tool.",No training on analytics for branch staff.
R11,Cooperative / Credit Society Manager,17,Cooperative bank / credit society,11–50,Rarely,Used it myself,4,3,4,4,3,3,2,2,4,3,3,3,3,3,2,3,3,3,"Verify more first (statements, bureau report, field visit)","The data it uses is not what we collect, so we can't feed it properly.",Probably not. The RBI and internal audit expect decisions we can defend line by line.,"The interface is simple, I'll give it that.",Doesn't say who is accountable if the model is wrong.,Not fully. It hasn't been tested on our own customers.,Clarity on who is responsible if a flagged loan is approved and fails.,"Experience first — the officer is accountable, not the software.","Intuition is quick; the tool needs data entry. Past scorecards gave wrong signals, so people are sceptical.","Yes, regulators increasingly expect explainable credit decisions. Yes — if I can see why, I can verify that point myself.","Yes, especially after NPA reviews where every sanction is questioned. Yes, which is why I'd use it to decide conditions, not to reject.",Fear that AI will reduce the role of the credit officer.
R12,Working Professional,3,Private bank,1–10,Daily,Watched a demo,5,5,5,4,4,5,5,5,5,5,3,3,2,2,3,4,5,5,"Approve with conditions (guarantor, collateral, shorter tenure)",Very useful in peak season when sanction targets push us to move fast. It gives new loan officers a structured way to look at risk instead of guessing.,"Yes, for training new officers on what drives default.",It shows the reasons behind every score.,I'd like an EMI-to-income calculation built in.,"Mostly, because the main drivers — savings, tenure, collateral — match my experience. Fairly, since it was tested on past loans and the accuracy is shown openly.",Showing its past predictions next to what actually happened. Back-testing on our own portfolio for at least one year.,Check which driver is raising the score and verify that specific point. Approve with conditions. The tool tells me where to be careful; I decide how.,"Sanction targets reward speed, and intuition is faster.","Definitely. Without reasons, audit and the committee won't accept it.","Yes. In banks, one bad loan is remembered more than a hundred good ones. A little. But ignoring a warning that turns out right is also a risk.",Senior management and audit are not comfortable with AI decisions. Workload — officers are already handling targets and recovery.
R13,Branch Manager,14,Cooperative bank / credit society,200+,Never,Used it myself,3,3,3,5,5,3,2,2,4,4,5,4,4,4,1,2,3,4,"Verify more first (statements, bureau report, field visit)","It depends on how often the model is updated with our own repayment data. Useful for retail loans, less so for agri or MSME loans where cash flows are seasonal.","Only if it is validated on our own portfolio first. Possibly, if the credit policy allows it and audit accepts it.",The template download for batch scoring. Good that sex and nationality are excluded.,No agri or seasonal cash-flow inputs.,Half-half. A few drivers look like quirks of old lending policy. Depends on data quality. Self-declared information can be wrong.,A clear note on what the model can't see. Being able to override it with a recorded reason.,"Do a field visit and meet the family again. Probably approve, but with a shorter tenure.","Admitting a model knows better can feel like a threat to expertise. Officers are accountable for the loan, so they feel safer relying on their own assessment.","Yes — if I can see why, I can verify that point myself. Yes, a lot. I have to write a credit note explaining every sanction.","Yes, especially after NPA reviews where every sanction is questioned. A little. But ignoring a warning that turns out right is also a risk.","Too many disconnected systems — LOS, CBS, bureau portal — one more is a burden. Tools built by IT without asking credit officers."
R14,Relationship Manager,7,NBFC,1–10,Weekly,Watched a demo,4,3,4,4,4,4,4,4,5,5,4,5,2,2,3,3,4,4,"Approve with conditions (guarantor, collateral, shorter tenure)","Useful because it shows how to reduce risk, not just whether to reject.","Yes, especially to decide conditions like a guarantor or shorter tenure.",The three bands with a suggested decision are easy to act on. The batch view with exposure in high-risk loans.,Should allow uploading bank statements directly.,Yes as a direction. The reasons make sense for most files I tested.,Back-testing on our own portfolio for at least one year. Showing its past predictions next to what actually happened.,Approve with conditions. The tool tells me where to be careful; I decide how. Check which driver is raising the score and verify that specific point.,They remember cases where the scorecard rejected someone who repaid well. Hierarchy — seniors' judgement carries more weight than a score.,"Yes, regulators increasingly expect explainable credit decisions. Yes, a lot. I have to write a credit note explaining every sanction.","Yes, which is why I'd use it to decide conditions, not to reject.",Customer privacy and data protection concerns.
R15,Cooperative / Credit Society Manager,21,Cooperative bank / credit society,51–200,Monthly,Used it myself,5,3,4,4,4,2,2,2,5,5,4,4,4,4,3,3,4,3,"Verify more first (statements, bureau report, field visit)",Somewhat useful. I liked the what-if part more than the score itself. It depends on how often the model is updated with our own repayment data.,"Possibly, if the credit policy allows it and audit accepts it. If head office mandates it, yes. Otherwise officers won't adopt it.",The gauge with the average line gives context. The template download for batch scoring.,"Too many false alarms — nearly half of flagged loans were actually repaid. Some drivers look odd, like loans at other lenders lowering risk.",Depends on data quality. Self-declared information can be wrong. Half-half. A few drivers look like quirks of old lending policy.,Approval from the credit policy committee and audit. A pilot in one region with results shared openly.,"Go with my judgement but add a guarantor to be safe. Probably approve, but with a shorter tenure.",They remember cases where the scorecard rejected someone who repaid well.,"Yes — if I can see why, I can verify that point myself. Definitely. Without reasons, audit and the committee won't accept it.","A little. But ignoring a warning that turns out right is also a risk. Yes, which is why I'd use it to decide conditions, not to reject.",Senior management and audit are not comfortable with AI decisions.
R16,Working Professional,3,Private bank,None,Rarely,Used it myself,4,4,4,5,5,3,3,3,4,4,4,4,3,3,3,4,4,4,"Approve with conditions (guarantor, collateral, shorter tenure)","It puts savings, tenure and collateral on one screen, which saves time.","Yes, if it is linked to our loan origination system so no double entry. Yes, at the pre-sanction stage, to decide which files need extra documents.","It shows the reasons behind every score. The suggested actions — guarantor, collateral, shorter tenure — are practical.",Should allow uploading bank statements directly. I'd like an EMI-to-income calculation built in.,Yes as a direction. The reasons make sense for most files I tested. Yes for ranking applicants; less for the exact percentage.,Integration with the bureau score and bank statement analysis. Regular updates with our latest repayment data.,Use the what-if panel to find terms that bring the risk down. Check which driver is raising the score and verify that specific point.,"Sanction targets reward speed, and intuition is faster. Relationship lending depends on trust built over years.","Yes, but keep it short — three reasons are enough.","Yes, vigilance and audit fear make officers very cautious. It does; officers prefer to be wrong with their own judgement.",Low digital literacy in rural branches. Resistance from senior staff used to manual appraisal.
R17,Branch Manager,10,Cooperative bank / credit society,200+,Monthly,Used it myself,4,3,4,4,4,3,2,4,5,5,3,2,3,3,3,4,4,3,"Approve with conditions (guarantor, collateral, shorter tenure)","It depends on how often the model is updated with our own repayment data. Moderately useful. It helps, but the bureau score already tells us a lot.","If head office mandates it, yes. Otherwise officers won't adopt it.",The template download for batch scoring. Clean and quick to use.,"The amount check didn't seem to predict default, so I'm not sure what to do with it. Currency units are generic; should match our loan products.",Somewhat. The false alarms bother me — I would lose good customers. Half-half. A few drivers look like quirks of old lending policy.,A clear note on what the model can't see. A pilot in one region with results shared openly.,Ask for a margin deposit and then approve. Discuss with the credit head before sanction.,Hierarchy — seniors' judgement carries more weight than a score. They remember cases where the scorecard rejected someone who repaid well.,"Yes, regulators increasingly expect explainable credit decisions. Definitely. Without reasons, audit and the committee won't accept it.",Not much — using a documented tool actually protects me in an audit. No. A structured tool reduces my personal risk.,No training on analytics for branch staff. No clear accountability rule when AI is wrong.
R18,Branch Manager,27,Private bank,51–200,Monthly,Used it myself,4,4,5,4,3,1,1,2,4,4,4,4,4,4,3,4,3,3,"Approve with conditions (guarantor, collateral, shorter tenure)",We already have a bank scorecard; I don't see what this adds.,"Not in its current form; it misses income, bureau score and bank statement data.",The what-if feature is the only part I found directly useful.,"It misses about a quarter of defaulters, which is too many for us.",No. Default depends on events like crop failure or illness that no model sees.,Transparency on the data used and privacy of customer information. Local variables like crop cycle and group guarantees.,My judgement. I know my borrowers personally.,"In cooperatives, members expect a human decision. Local knowledge — family, reputation, crop situation — isn't in the data.","Yes. A black-box rejection would also be unfair to the customer. Definitely. Without reasons, audit and the committee won't accept it.",A little. But ignoring a warning that turns out right is also a risk. It does; officers prefer to be wrong with their own judgement.,Senior management and audit are not comfortable with AI decisions. Cost of new systems for small cooperatives.
R19,Entrepreneur (MFI / NBFC / business),9,Microfinance,51–200,Monthly,Used it myself,3,3,3,4,5,3,4,4,4,4,5,4,1,2,2,3,4,4,"Approve with conditions (guarantor, collateral, shorter tenure)",It depends on how often the model is updated with our own repayment data. Useful as a second opinion on borderline files.,"I'd use the what-if feature to structure loans; not sure about the score. Possibly, if the credit policy allows it and audit accepts it.",Good that sex and nationality are excluded. The template download for batch scoring.,"Some drivers look odd, like loans at other lenders lowering risk. The amount check didn't seem to predict default, so I'm not sure what to do with it.",Half-half. A few drivers look like quirks of old lending policy. Partly. I trust the ranking more than the percentage.,Other branch managers vouching for it after using it. Being able to override it with a recorded reason.,Go with my judgement but add a guarantor to be safe. Ask for a margin deposit and then approve.,"Local knowledge — family, reputation, crop situation — isn't in the data.","Yes, regulators increasingly expect explainable credit decisions. Yes, explanations matter more to me than the accuracy number.",No. A structured tool reduces my personal risk. Not much — using a documented tool actually protects me in an audit.,Incomplete or outdated customer data in core banking systems. Workload — officers are already handling targets and recovery.
R20,Relationship Manager,6,Private bank,1–10,Monthly,Used it myself,4,3,4,4,4,2,1,2,5,5,5,4,3,3,3,4,4,4,"Verify more first (statements, bureau report, field visit)",Very useful for screening. We get many small-ticket applications and can't check every file in depth.,"Yes, for training new officers on what drives default. I would, for personal loans and vehicle loans where volumes are high.","The suggested actions — guarantor, collateral, shorter tenure — are practical. It shows the reasons behind every score.",I'd like an EMI-to-income calculation built in. Should allow uploading bank statements directly.,"Yes for ranking applicants; less for the exact percentage. Fairly, since it was tested on past loans and the accuracy is shown openly.",Back-testing on our own portfolio for at least one year. Regular updates with our latest repayment data.,"Approve with conditions. The tool tells me where to be careful; I decide how. I'd verify more — bank statements, bureau report, maybe a field visit — before deciding.","Officers are accountable for the loan, so they feel safer relying on their own assessment. They remember cases where the scorecard rejected someone who repaid well.","Yes, but keep it short — three reasons are enough. Definitely. Without reasons, audit and the committee won't accept it.","Yes. If a loan goes bad, the officer faces staff accountability, not the tool. A little. But ignoring a warning that turns out right is also a risk.",Incomplete or outdated customer data in core banking systems. Cost of new systems for small cooperatives.
R21,Relationship Manager,7,NBFC,1–10,Weekly,Watched a demo,5,3,4,4,5,5,4,4,5,5,4,4,2,2,2,2,4,4,"Approve with conditions (guarantor, collateral, shorter tenure)","It puts savings, tenure and collateral on one screen, which saves time. Very useful in peak season when sanction targets push us to move fast.","I would, for personal loans and vehicle loans where volumes are high. Yes, at the pre-sanction stage, to decide which files need extra documents.",Simple screens; no jargon.,A mobile version for field officers would help. I'd like an EMI-to-income calculation built in.,"Mostly, because the main drivers — savings, tenure, collateral — match my experience. Yes for ranking applicants; less for the exact percentage.",Regular updates with our latest repayment data. Back-testing on our own portfolio for at least one year.,"I'd verify more — bank statements, bureau report, maybe a field visit — before deciding. Check which driver is raising the score and verify that specific point.",They remember cases where the scorecard rejected someone who repaid well. Habit. Most senior bankers learned credit appraisal by experience.,"Yes, but keep it short — three reasons are enough. Yes, a lot. I have to write a credit note explaining every sanction.","Yes. If a loan goes bad, the officer faces staff accountability, not the tool. Yes, vigilance and audit fear make officers very cautious.",No clear accountability rule when AI is wrong. No training on analytics for branch staff.
R22,Credit / Loan Officer,9,Private bank,51–200,Monthly,Watched a demo,4,4,3,4,4,3,3,3,5,5,3,3,3,3,3,4,3,3,Follow my judgement: approve on normal terms,Not very useful for cooperative societies — our members are known to us personally.,"No, I'm worried it will reject genuine borrowers from poorer backgrounds.",It is easy to use.,It could lead officers to reject people mechanically.,"Not yet; it only learned from loans that were approved, so it has a blind spot.",Testing it on our members first. Local variables like crop cycle and group guarantees.,I'd approve if I know the family. Local knowledge beats data here. My judgement. I know my borrowers personally.,"Sanction targets reward speed, and intuition is faster. Past scorecards gave wrong signals, so people are sceptical.","Somewhat. The reasons need to be correct, not just present. Yes, regulators increasingly expect explainable credit decisions.","A little. But ignoring a warning that turns out right is also a risk. Yes. If a loan goes bad, the officer faces staff accountability, not the tool.",Tools built by IT without asking credit officers. Cost of new systems for small cooperatives.
R23,Credit / Loan Officer,6,Private bank,51–200,Monthly,Watched a demo,4,4,5,4,4,3,3,3,5,4,4,4,3,3,3,2,3,3,"Approve with conditions (guarantor, collateral, shorter tenure)","Somewhat useful. I liked the what-if part more than the score itself. Useful for retail loans, less so for agri or MSME loans where cash flows are seasonal.","If head office mandates it, yes. Otherwise officers won't adopt it. Only if it is validated on our own portfolio first.",The gauge with the average line gives context. The drivers list matches what we see in practice for savings and tenure.,Too many false alarms — nearly half of flagged loans were actually repaid. Currency units are generic; should match our loan products.,Partly. I trust the ranking more than the percentage.,An independent validation for bias against weaker sections. A clear note on what the model can't see.,Refer it to the sanctioning authority with both views noted. Go with my judgement but add a guarantor to be safe.,"Relationship lending depends on trust built over years. In cooperatives, members expect a human decision.","Yes, explanations matter more to me than the accuracy number. Yes — if I can see why, I can verify that point myself.","It does; officers prefer to be wrong with their own judgement. Yes, which is why I'd use it to decide conditions, not to reject.","Senior management and audit are not comfortable with AI decisions. Too many disconnected systems — LOS, CBS, bureau portal — one more is a burden."
R24,Credit / Loan Officer,7,Private bank,51–200,Monthly,Used it myself,4,3,3,4,5,3,2,3,5,5,4,4,4,5,3,4,3,3,"Verify more first (statements, bureau report, field visit)","Limited. In rural lending, character and local reputation matter more than these variables.",Not yet. It was trained on a different market and different borrowers.,The design is clean.,Built on foreign data — our borrowers are different.,Not really; missing income data is a big gap.,Local variables like crop cycle and group guarantees.,My judgement. I know my borrowers personally. I'd approve if I know the family. Local knowledge beats data here.,"Local knowledge — family, reputation, crop situation — isn't in the data. Relationship lending depends on trust built over years.","Definitely. Without reasons, audit and the committee won't accept it. Yes, a lot. I have to write a credit note explaining every sanction.","Yes. In banks, one bad loan is remembered more than a hundred good ones. Yes, especially after NPA reviews where every sanction is questioned.",Cost of new systems for small cooperatives. Workload — officers are already handling targets and recovery.
R25,Credit / Loan Officer,5,Public sector bank,51–200,Weekly,Watched a demo,5,5,5,4,3,3,4,4,5,4,5,5,2,3,3,3,4,4,"Verify more first (statements, bureau report, field visit)","Useful because it shows how to reduce risk, not just whether to reject. Very useful in peak season when sanction targets push us to move fast.","Yes, for training new officers on what drives default. Yes, especially to decide conditions like a guarantor or shorter tenure.",Simple screens; no jargon. The what-if panel. Seeing risk fall with a shorter tenure is very convincing.,"Needs a confidence range, not just one number. A mobile version for field officers would help.",Yes for ranking applicants; less for the exact percentage. Yes as a direction. The reasons make sense for most files I tested.,Regular updates with our latest repayment data.,"Check which driver is raising the score and verify that specific point. I'd verify more — bank statements, bureau report, maybe a field visit — before deciding.",Intuition is quick; the tool needs data entry.,"Yes, a lot. I have to write a credit note explaining every sanction. Yes — if I can see why, I can verify that point myself.","It does; officers prefer to be wrong with their own judgement. Yes, vigilance and audit fear make officers very cautious.",Customer privacy and data protection concerns. Cost of new systems for small cooperatives.
R26,Entrepreneur (MFI / NBFC / business),7,Fintech,200+,Weekly,Watched a demo,3,2,2,5,4,4,4,4,4,4,4,5,3,3,3,3,4,4,"Verify more first (statements, bureau report, field visit)",Very useful in peak season when sanction targets push us to move fast.,"Yes, especially to decide conditions like a guarantor or shorter tenure. I would, for personal loans and vehicle loans where volumes are high.",The what-if panel. Seeing risk fall with a shorter tenure is very convincing. Simple screens; no jargon.,"Should allow uploading bank statements directly. Needs a confidence range, not just one number.","Mostly, because the main drivers — savings, tenure, collateral — match my experience. Yes as a direction. The reasons make sense for most files I tested.",Integration with the bureau score and bank statement analysis. Showing its past predictions next to what actually happened.,Check which driver is raising the score and verify that specific point. Use the what-if panel to find terms that bring the risk down.,"Officers are accountable for the loan, so they feel safer relying on their own assessment. Local knowledge — family, reputation, crop situation — isn't in the data.","Yes — if I can see why, I can verify that point myself. Somewhat. The reasons need to be correct, not just present.","It does; officers prefer to be wrong with their own judgement. Yes. In banks, one bad loan is remembered more than a hundred good ones.",Unclear regulatory guidance on AI in lending. Workload — officers are already handling targets and recovery.
R27,Credit / Risk Head,21,NBFC,200+,Never,Watched a demo,3,3,3,4,3,1,1,1,3,4,5,5,4,4,2,3,2,3,"Verify more first (statements, bureau report, field visit)","The data it uses is not what we collect, so we can't feed it properly. We already have a bank scorecard; I don't see what this adds.","Not in its current form; it misses income, bureau score and bank statement data. Not yet. It was trained on a different market and different borrowers.","The interface is simple, I'll give it that. The design is clean.","Built on foreign data — our borrowers are different. It misses about a quarter of defaulters, which is too many for us.",Not really; missing income data is a big gap. Not fully. It hasn't been tested on our own customers.,Local variables like crop cycle and group guarantees. Testing it on our members first.,"Experience first — the officer is accountable, not the software. My judgement. I know my borrowers personally.","Officers are accountable for the loan, so they feel safer relying on their own assessment. Past scorecards gave wrong signals, so people are sceptical.","Definitely. Without reasons, audit and the committee won't accept it. Yes, but keep it short — three reasons are enough.","Yes, especially after NPA reviews where every sanction is questioned. Yes. In banks, one bad loan is remembered more than a hundred good ones.",Low digital literacy in rural branches. Workload — officers are already handling targets and recovery.
R28,Relationship Manager,8,Private bank,1–10,Weekly,Watched a demo,4,4,4,4,4,4,4,4,4,4,5,4,3,3,4,4,4,4,Follow my judgement: approve on normal terms,"Very useful for screening. We get many small-ticket applications and can't check every file in depth. It puts savings, tenure and collateral on one screen, which saves time.","Yes, especially to decide conditions like a guarantor or shorter tenure. Yes, for training new officers on what drives default.",The three bands with a suggested decision are easy to act on.,"Needs a confidence range, not just one number. I'd like an EMI-to-income calculation built in.","Fairly, since it was tested on past loans and the accuracy is shown openly. Yes as a direction. The reasons make sense for most files I tested.",Integration with the bureau score and bank statement analysis. Back-testing on our own portfolio for at least one year.,"Use the what-if panel to find terms that bring the risk down. I'd verify more — bank statements, bureau report, maybe a field visit — before deciding.","They remember cases where the scorecard rejected someone who repaid well. Sanction targets reward speed, and intuition is faster.","Yes, a lot. I have to write a credit note explaining every sanction. Yes, but keep it short — three reasons are enough.","Somewhat. A clear policy on how to use the tool would reduce the fear. Yes, especially after NPA reviews where every sanction is questioned.",Incomplete or outdated customer data in core banking systems. Tools built by IT without asking credit officers.
R29,Relationship Manager,3,Private bank,1–10,Weekly,Used it myself,4,3,4,5,4,4,3,3,5,5,4,3,3,3,2,3,4,4,"Verify more first (statements, bureau report, field visit)",Useful as a first filter before the file goes to the sanctioning authority. It gives new loan officers a structured way to look at risk instead of guessing.,"I would, for personal loans and vehicle loans where volumes are high. Yes, if it is linked to our loan origination system so no double entry.",It shows the reasons behind every score. Simple screens; no jargon.,A mobile version for field officers would help. Should allow uploading bank statements directly.,"Fairly, since it was tested on past loans and the accuracy is shown openly. Mostly, because the main drivers — savings, tenure, collateral — match my experience.",Showing its past predictions next to what actually happened. Regular updates with our latest repayment data.,Approve with conditions. The tool tells me where to be careful; I decide how. Use the what-if panel to find terms that bring the risk down.,"Local knowledge — family, reputation, crop situation — isn't in the data. Officers are accountable for the loan, so they feel safer relying on their own assessment.","Definitely. Without reasons, audit and the committee won't accept it. Yes, explanations matter more to me than the accuracy number.","Yes, which is why I'd use it to decide conditions, not to reject. Somewhat. A clear policy on how to use the tool would reduce the fear.",Cost of new systems for small cooperatives. Unclear regulatory guidance on AI in lending.
R30,Branch Manager,8,Public sector bank,200+,Weekly,Watched a demo,4,4,5,5,5,4,3,4,4,4,5,4,3,3,2,3,5,4,"Verify more first (statements, bureau report, field visit)",It gives new loan officers a structured way to look at risk instead of guessing. Very useful for screening. We get many small-ticket applications and can't check every file in depth.,"Yes, if it is linked to our loan origination system so no double entry. Yes, especially to decide conditions like a guarantor or shorter tenure.",Simple screens; no jargon. The three bands with a suggested decision are easy to act on.,I'd like an EMI-to-income calculation built in. A mobile version for field officers would help.,"Fairly, since it was tested on past loans and the accuracy is shown openly. Yes for ranking applicants; less for the exact percentage.",Showing its past predictions next to what actually happened. Integration with the bureau score and bank statement analysis.,Use the what-if panel to find terms that bring the risk down. Approve with conditions. The tool tells me where to be careful; I decide how.,"Local knowledge — family, reputation, crop situation — isn't in the data. Past scorecards gave wrong signals, so people are sceptical.","Somewhat. The reasons need to be correct, not just present. Yes — if I can see why, I can verify that point myself.","Yes, especially after NPA reviews where every sanction is questioned. Somewhat. A clear policy on how to use the tool would reduce the fear.",Senior management and audit are not comfortable with AI decisions. Fear that AI will reduce the role of the credit officer.
R31,Branch Manager,14,Public sector bank,51–200,Never,Watched a demo,2,2,3,4,4,3,2,2,4,4,4,5,5,4,3,4,2,3,"Verify more first (statements, bureau report, field visit)","Limited. In rural lending, character and local reputation matter more than these variables. The data it uses is not what we collect, so we can't feed it properly.","No, I'm worried it will reject genuine borrowers from poorer backgrounds. Not in its current form; it misses income, bureau score and bank statement data.",It is easy to use. The design is clean.,It could lead officers to reject people mechanically. Doesn't say who is accountable if the model is wrong.,Not really; missing income data is a big gap. No. Default depends on events like crop failure or illness that no model sees.,Local variables like crop cycle and group guarantees. Transparency on the data used and privacy of customer information.,I'd approve if I know the family. Local knowledge beats data here.,"The model feels like a black box, and audit asks for reasons. Officers are accountable for the loan, so they feel safer relying on their own assessment.","Yes, explanations matter more to me than the accuracy number.","Yes, which is why I'd use it to decide conditions, not to reject. Yes, especially after NPA reviews where every sanction is questioned.","Cost of new systems for small cooperatives. Too many disconnected systems — LOS, CBS, bureau portal — one more is a burden."
R32,Credit / Loan Officer,2,Private bank,11–50,Weekly,Used it myself,4,5,4,4,4,3,3,3,4,4,3,2,2,3,4,5,4,4,"Verify more first (statements, bureau report, field visit)","Useful because it shows how to reduce risk, not just whether to reject. It puts savings, tenure and collateral on one screen, which saves time.","Yes, especially to decide conditions like a guarantor or shorter tenure. Yes, if it is linked to our loan origination system so no double entry.",The what-if panel. Seeing risk fall with a shorter tenure is very convincing.,"I'd like an EMI-to-income calculation built in. Needs a confidence range, not just one number.","Yes as a direction. The reasons make sense for most files I tested. Fairly, since it was tested on past loans and the accuracy is shown openly.",Regular updates with our latest repayment data. Showing its past predictions next to what actually happened.,"I'd verify more — bank statements, bureau report, maybe a field visit — before deciding. Approve with conditions. The tool tells me where to be careful; I decide how.","Admitting a model knows better can feel like a threat to expertise. Local knowledge — family, reputation, crop situation — isn't in the data.","Yes — if I can see why, I can verify that point myself. Yes, but keep it short — three reasons are enough.",It does; officers prefer to be wrong with their own judgement. Somewhat. A clear policy on how to use the tool would reduce the fear.,Resistance from senior staff used to manual appraisal. Workload — officers are already handling targets and recovery.
R33,Credit / Risk Head,22,Private bank,200+,Rarely,Used it myself,3,3,4,4,4,2,3,3,4,5,5,4,4,5,2,3,2,2,"Approve with conditions (guarantor, collateral, shorter tenure)","We already have a bank scorecard; I don't see what this adds. Limited. In rural lending, character and local reputation matter more than these variables.","Not in its current form; it misses income, bureau score and bank statement data. No, I'm worried it will reject genuine borrowers from poorer backgrounds.",The what-if feature is the only part I found directly useful. The design is clean.,"Doesn't say who is accountable if the model is wrong. It misses about a quarter of defaulters, which is too many for us.","No. Default depends on events like crop failure or illness that no model sees. Not yet; it only learned from loans that were approved, so it has a blind spot.",Clarity on who is responsible if a flagged loan is approved and fails. Transparency on the data used and privacy of customer information.,"I'd approve if I know the family. Local knowledge beats data here. Experience first — the officer is accountable, not the software.",Intuition is quick; the tool needs data entry. Relationship lending depends on trust built over years.,Yes. A black-box rejection would also be unfair to the customer.,"A little. But ignoring a warning that turns out right is also a risk. Yes, especially after NPA reviews where every sanction is questioned.",Resistance from senior staff used to manual appraisal. Low digital literacy in rural branches.
R34,Credit / Loan Officer,13,Microfinance,51–200,Rarely,Watched a demo,4,3,4,4,4,3,4,3,4,5,5,5,3,4,3,3,3,3,"Verify more first (statements, bureau report, field visit)","Useful as a second opinion on borderline files. Moderately useful. It helps, but the bureau score already tells us a lot.","Possibly, if the credit policy allows it and audit accepts it.",Good that sex and nationality are excluded. It is honest about its error rate.,No option to record the final decision and outcome for learning.,Somewhat. The false alarms bother me — I would lose good customers. Depends on data quality. Self-declared information can be wrong.,Being able to override it with a recorded reason. An independent validation for bias against weaker sections.,Refer it to the sanctioning authority with both views noted. Do a field visit and meet the family again.,"Relationship lending depends on trust built over years. Past scorecards gave wrong signals, so people are sceptical.","Yes — if I can see why, I can verify that point myself. Yes, explanations matter more to me than the accuracy number.","Yes, vigilance and audit fear make officers very cautious. Somewhat. A clear policy on how to use the tool would reduce the fear.",Workload — officers are already handling targets and recovery.
R35,Working Professional,5,Fintech,None,Daily,Watched a demo,5,4,4,5,5,4,4,4,5,4,4,4,3,4,3,3,4,5,"Verify more first (statements, bureau report, field visit)",Helpful for branches without a dedicated credit analyst. The batch ranking is useful for our monthly portfolio review.,"Yes, at the pre-sanction stage, to decide which files need extra documents. Yes, if it is linked to our loan origination system so no double entry.",The batch view with exposure in high-risk loans. It shows the reasons behind every score.,"Needs a confidence range, not just one number. Should allow uploading bank statements directly.","Yes for ranking applicants; less for the exact percentage. Mostly, because the main drivers — savings, tenure, collateral — match my experience.",Back-testing on our own portfolio for at least one year. Integration with the bureau score and bank statement analysis.,"I'd verify more — bank statements, bureau report, maybe a field visit — before deciding. Use the what-if panel to find terms that bring the risk down.","Officers are accountable for the loan, so they feel safer relying on their own assessment. The model feels like a black box, and audit asks for reasons.","Yes, regulators increasingly expect explainable credit decisions. It matters because customers ask why they got stricter terms.","Yes, especially after NPA reviews where every sanction is questioned. Yes, vigilance and audit fear make officers very cautious.","Too many disconnected systems — LOS, CBS, bureau portal — one more is a burden. Workload — officers are already handling targets and recovery."
R36,Branch Manager,16,Public sector bank,200+,Rarely,Used it myself,2,2,3,4,4,2,2,4,5,4,3,3,4,5,2,3,3,3,"Approve with conditions (guarantor, collateral, shorter tenure)","Limited. In rural lending, character and local reputation matter more than these variables. We already have a bank scorecard; I don't see what this adds.","Not yet. It was trained on a different market and different borrowers. Not in its current form; it misses income, bureau score and bank statement data.",The design is clean. It is easy to use.,"It misses about a quarter of defaulters, which is too many for us. Built on foreign data — our borrowers are different.","Not yet; it only learned from loans that were approved, so it has a blind spot. No. Default depends on events like crop failure or illness that no model sees.",Local variables like crop cycle and group guarantees. Clarity on who is responsible if a flagged loan is approved and fails.,"Experience first — the officer is accountable, not the software. I'd approve if I know the family. Local knowledge beats data here.",Habit. Most senior bankers learned credit appraisal by experience. Intuition is quick; the tool needs data entry.,"Yes. A black-box rejection would also be unfair to the customer. Yes — if I can see why, I can verify that point myself.","Yes, especially after NPA reviews where every sanction is questioned. It does; officers prefer to be wrong with their own judgement.",Resistance from senior staff used to manual appraisal. Fear that AI will reduce the role of the credit officer.
